Symbol,CompanyName,MarketValueDelayed,AveragePricePaid,Quantity,ProfitLoss,ProfitLossPercentage,Currency,Exchange,SecurityType,MarginRequirements
500820,Asian Paints Ltd,37363.4470505058,2868.4,1000,-8069.18675676898,-17.7607725561289,INR,BO,Equity,0
AAPL,Apple Inc,146642.332466016,226.55,500,-8563.55597208694,-5.5175457956301,USD,US,Equity,0
AMAT,Applied Materials Inc.,44319.3480188042,200.22,170,-2317.64078828561,-4.96953351313555,USD,US,Equity,0
APOG,Apogee Enterprises Inc.,58615.8279177405,43.18,1000,-548.06758221356,-0.926354793886055,USD,US,Equity,0
BA,Boeing Co.,97176.4928333313,235.44,300,398.719166060371,0.41199456337071,USD,US,Equity,0
BSX,Boston Scientific Corp.,72509.3411268544,104.67,500,801.548838987335,1.11779879621668,USD,US,Equity,0
COIN,Coinbase Global Inc - Ordinary Shares - Class A,146630.247575829,257.32,282,47204.9786459168,47.4778485931914,USD,US,Equity,0
DJT,Trump Media & Technology Group Corp.,128727.373372411,16.2,5000,17743.6879741641,15.9876543209877,USD,US,Equity,0
EL,"Estee Lauder Cos., Inc. - Ordinary Shares - Class A",138177.154624937,66.79,1090,38427.3474762173,38.5237310974697,USD,US,Equity,0
MDT,Medtronic Plc,63007.2194202267,90.3,500,1144.09107787081,1.84939091915836,USD,US,Equity,0
MTN,Vail Resorts Inc.,43489.1626486462,213.23,200,-14943.0626290528,-25.573324579093,USD,US,Equity,0
QUBT,Quantum Computing Inc,16596.1714739044,14.95,750,1233.15205998051,8.02675585284281,USD,US,Equity,0
RDDT,Reddit Inc. - Ordinary Shares - Class A,98665.8664879966,142.18,475,6130.82099153647,6.62540441693627,USD,US,Equity,0
SMCI,Super Micro Computer Inc,49367.1874678867,48.39,600,9585.70201291522,24.0958875800785,USD,US,Equity,0
UBER,Uber Technologies Inc,105516.711265666,90.78,850,-209.63585019669,-0.198281559814945,USD,US,Equity,0
STSEX,BLACKROCK EXCHANGE PTFL FD,80789.2830467625,2204.19,22.6841,12280.7443196221,17.9258593859876,USD,US,MutualFund,0
B-C-7.875-15052025,Citigroup - 7.875% - May 2025,70896.652266191,1034.86,50,0,0,USD,US,Bond,0
USD/CAD,USD/CAD,2.74584,1.3598,2,0.02624,0.964847771731138,CAD,FX,Spot,0.034
LE/V5,Live Cattle Futures OCT 25,2462193.61309443,221.975,-20,-29047.581857319,-1.19382813379885,USD,US,Future,67138.2788211614
